,Word,Count,Weight,Weight_Abs
1,the,360990,-0.04750994564420329,0.04750994564420329
0,i,547756,-0.048912152195556544,0.048912152195556544
2,and,337731,-0.11519558292928583,0.11519558292928583
